runner,phase,phase_index,ops_into_phase,total_ops,p50_us,p99_us,factor_utilization,uaf,memory_bytes,storage_bytes
jimvd,IAM,0,10000,10000,24,82403,1,6.024712254570074,2216873984,83972016
jimvd,IAM,0,20000,20000,23,172,1,6.079520137103684,2216894464,83938764
jimvd,IAM,0,30000,30000,23,119,1,6.102465068726571,2216914944,83900748
jimvd,IAM,0,40000,40000,23,108,1,6.111290871934605,2216919040,83866728
jimvd,IAM,0,50000,50000,23,105,1,6.113000884413906,2216923136,83832912
jimvd,IAM,0,50000,50000,23,105,1,6.113000884413906,2216939520,83832912
jimvd,Compliance,1,772,50772,66,2295920,0.8137893593919653,6.120535714285714,2216943616,83830765
