runner,phase,phase_index,ops_into_phase,total_ops,p50_us,p99_us,factor_utilization,uaf,memory_bytes,storage_bytes
jimvd,IAM,0,10000,10000,25,82055,1,6.001678979180658,2217005056,83974044
jimvd,IAM,0,20000,20000,24,164,1,6.066191446028514,2217025536,83941704
jimvd,IAM,0,30000,30000,24,126,1,6.085193621867882,2217041920,83909184
jimvd,IAM,0,40000,40000,24,114,1,6.0961290876319625,2217050112,83875896
jimvd,IAM,0,50000,50000,24,106,1,6.1013435176976065,2217058304,83842296
jimvd,IAM,0,50000,50000,24,106,1,6.1013435176976065,2217066496,83842296
jimvd,Compliance,1,799,50799,2003151,2204467,0.7807228915662651,6.113207547169812,2217070592,83839368
